{
  "project_info": {
    "project_number": "901044506068",
    "project_id": "reportgenerator-2b6f6",
    "storage_bucket": "reportgenerator-2b6f6.appspot.com"
  },
  "client": [
    {
      "client_info": {
        "mobilesdk_app_id": "1:901044506068:android:31dca8ded371ae8baa1a41",
        "android_client_info": {
          "package_name": "com.example.report_generator_app"
        }
      },
      "oauth_client": [
        {
          "client_id": "901044506068-ho5f7dnjei9qbp0mk95iak499aen0asr.apps.googleusercontent.com",
          "client_type": 3
        }
      ],
      "api_key": [
        {
          "current_key": "AIzaSyBFQTtzxdQVH7U9B-Ij1Na09Gw4VWjf44I"
        }
      ],
      "services": {
        "appinvite_service": {
          "other_platform_oauth_client": [
            {
              "client_id": "901044506068-ho5f7dnjei9qbp0mk95iak499aen0asr.apps.googleusercontent.com",
              "client_type": 3
            }
          ]
        }
      }
    }
  ],
  "configuration_version": "1"
}